Index,Value
0,0.0
1,0.0029123358649271736
2,0.22436738294515815
3,3.811688744671819
4,19.277433233851283
5,35.654032840888505
6,50.0
